{"noiseKey":{"private":{"type":"Buffer","data":"WLiH1V/wUU5cQwwYrZNFPt1kwhErriiY/WGxMbQty2g="},"public":{"type":"Buffer","data":"TdFg+/Yto19Rsc7MHI9R93D4oDAfr9jlDim0fbCod2s="}},"pairingEphemeralKeyPair":{"private":{"type":"Buffer","data":"MMJ+dShQ8/sGhm/wLfq1Hg0GC4dDyww8ECjfhqp6A1k="},"public":{"type":"Buffer","data":"/h95+UKMZCOOnQclAKDHWtvNrdkmHjWv86tTEz0g3VM="}},"signedIdentityKey":{"private":{"type":"Buffer","data":"oNlKDem9Ro5tz61b0LiuhvXfhIHVCzg7B2zylUtYl3U="},"public":{"type":"Buffer","data":"0TZgsEjN1wghggJKobhb5YNwBGS7yk1Fje8qzzyj8Sc="}},"signedPreKey":{"keyPair":{"private":{"type":"Buffer","data":"MESi9DQB0E14cBj4Mj0FTr7n4SHfT/wKXh/LbVw7yn4="},"public":{"type":"Buffer","data":"bYBKMZynCjDI78RTjrGLuAQl/R+RgtTTULcIXgyuoEk="}},"signature":{"type":"Buffer","data":"/wDhyreBMNNn84U80ox2JP1uYnMPUPahDfOB7jc3tn+Ww4YCzYl4X3IFMPITCpESMohGpeL1dJkL/TpUoPXwig=="},"keyId":1},"registrationId":252,"advSecretKey":"JvOmbvhx4+w0BkOE6xpmqEx5ZKx3p4QdcRXkUFaesc0=","processedHistoryMessages":[{"key":{"remoteJid":"48699541013@s.whatsapp.net","fromMe":true,"id":"3961C30B8810261CE368C303D0FD5E06"},"messageTimestamp":1754944207}],"nextPreKeyId":72,"firstUnuploadedPreKeyId":72,"accountSyncCounter":1,"accountSettings":{"unarchiveChats":false},"deviceId":"RVNScmj3TyWOokl7JF64MQ","phoneId":"9e6a5fa0-9a8a-4906-b735-5e0245086a1b","identityId":{"type":"Buffer","data":"QY+EsZLKozQvdlz9zwBAiyvd3oo="},"registered":true,"backupToken":{"type":"Buffer","data":"VyGoeLNpyT3pA5ynHgxNUxXsF44="},"registration":{},"pairingCode":"CYRILDEV","me":{"id":"48699541013:23@s.whatsapp.net","name":"DEVIL","lid":"173418515324938:23@lid"},"account":{"details":"CNHGne4EEMWl6cQGGAQgACgA","accountSignatureKey":"2+QAuQ5af7suRw4g5sh5Jer3xrlbwsF28aJ3uGINUS8=","accountSignature":"25Zj6RlFUgBBuR1b9Cw5uMM2AIb4pnsTKYOoTCo13wuuQykxJb7HHWJnnugBRsUdRkUGMlE39L1dEyU7WVMJBg==","deviceSignature":"7ohJrM9sY/3Q9igzuNPUhVdQtWbgKvzCKAzAkbWIJWm76OYYSl6+P5kguJEZoeQh5mS++u2fvQBoX1z/23g1iQ=="},"signalIdentities":[{"identifier":{"name":"48699541013:23@s.whatsapp.net","deviceId":0},"identifierKey":{"type":"Buffer","data":"BdvkALkOWn+7LkcOIObIeSXq98a5W8LBdvGid7hiDVEv"}}],"platform":"smba","routingInfo":{"type":"Buffer","data":"CAkIDQ=="},"lastAccountSyncTimestamp":1754944279,"lastPropHash":"1K4hH4","myAppStateKeyId":"AAAAAHIN","preKeys":{"private":{"type":"Buffer","data":"UGZlQ+enpx1fnuXa/SxF5m79YeWdTq22kRFnbdB2zG8="},"public":{"type":"Buffer","data":"EbYmPxP4nsoxtXu0fNq+vGaxA+126QEmBkd60NXQwhY="}},"senderKeys":{},"timestamp":"2025-08-11T20:30:12.111Z"}