[{"senderKeyId":883338076,"senderChainKey":{"iteration":9,"seed":"tRoFAqGaTSdF43m9fKtAiGTHiRFIDtVotE0IoAqEbQk="},"senderSigningKey":{"public":"Bdodi8KztdWRJf0MRah+/qUgbQrgPnE2P5DoycIoXGVq"},"senderMessageKeys":[{}]},{"senderKeyId":883338076,"senderChainKey":{"iteration":4,"seed":"oZxPUMBhGPiUddmZGp7OxUPD1DMqhQtFr30Aa1BHpIQ="},"senderSigningKey":{"public":"Bdodi8KztdWRJf0MRah+/qUgbQrgPnE2P5DoycIoXGVq"},"senderMessageKeys":[]},{"senderKeyId":883338076,"senderChainKey":{"iteration":4,"seed":"oZxPUMBhGPiUddmZGp7OxUPD1DMqhQtFr30Aa1BHpIQ="},"senderSigningKey":{"public":"Bdodi8KztdWRJf0MRah+/qUgbQrgPnE2P5DoycIoXGVq"},"senderMessageKeys":[]}]