[{"senderKeyId":1333891681,"senderChainKey":{"iteration":335,"seed":"l49tIPAl8rgCy0TcGrSE7C/9iqI8ZS5Mlqc9kPPxwa0="},"senderSigningKey":{"public":"BVtEs3PVSu/sc7Wtjo3iIgHRj8/Ra/GjE/HSSchfs98a"},"senderMessageKeys":[{"iteration":87,"seed":"FbfdT8mfABSh/B3JiaI91jfpymQ+mnvA6AYn8RGgyoE="},{"iteration":89,"seed":"/FpxrIssmVsWuLm8ylSOwQHN1Gxsn5GDUIxFUyCuOtQ="},{"iteration":91,"seed":"9NwRZtYeHHt8I9ROv2Fmiy5LI0Tk+wm81oRYprRvJHw="},{"iteration":93,"seed":"qqcqJFrMjYPF7pYjjiOHm42+cYjfoR142+JV40HVEPI="},{"iteration":95,"seed":"Yte6nR7Y89KHOHilt39oeP6/trDnWr40SxUZH6r+so0="},{"iteration":97,"seed":"XMJqPcG5aqEdN4lTGrBNfU3SHo0JnObF+7E6YzhAm1A="},{"iteration":99,"seed":"fYVkMbRHLfqPGHplSoJ4XWjlWIwaF8nwWA9hTh9mtAE="},{"iteration":101,"seed":"MWAhgNe4uWZ94J8aGsZo40m0Ljsjunhn8QTpaRculwc="},{"iteration":103,"seed":"YbOZ7Ja6zROBZSrffDpE/xp+sjQ07SNcMZ8RSJYERNM="},{"iteration":105,"seed":"vKwIcJmdnwC6eFIPD5Yif1UHMMVlAdCXg+l8GnMAnWE="},{"iteration":107,"seed":"G/KE/APSAcwF0wYPAzCvI2ZuXx82jHq+lyRSt+5Nc50="},{"iteration":109,"seed":"P1+EUQqOm90wIAcgs+aJNjM6gzA5QpNrCZIvVY18/DU="},{"iteration":111,"seed":"aYHLw3ETENaWdEINSNTkqDlz4bPhfaWlThRweENXwhk="},{},{},{},{},{},{},{},{},{},{},{},{},{},{},{},{},{},{},{},{},{},{},{},{},{},{},{},{},{},{},{},{},{},{},{},{},{},{},{},{},{},{},{},{},{},{},{},{},{},{},{},{},{},{},{},{},{},{},{},{},{},{},{},{},{},{},{},{},{},{},{},{},{},{},{},{},{},{},{},{},{},{},{},{},{},{},{},{},{},{},{},{},{},{},{},{},{},{},{},{},{},{},{},{},{},{},{},{},{},{},{}]},{"senderKeyId":1333891681,"senderChainKey":{"iteration":313,"seed":"dNfiRP0o0TGDXdtlW837/0LFM90NrWgg5bFUKmnNGcc="},"senderSigningKey":{"public":"BVtEs3PVSu/sc7Wtjo3iIgHRj8/Ra/GjE/HSSchfs98a"}},{"senderKeyId":1333891681,"senderChainKey":{"iteration":315,"seed":"OiK9gKBeYd91YDfm0GE9F3T/t8YlCTZNQswBUV9KBY8="},"senderSigningKey":{"public":"BVtEs3PVSu/sc7Wtjo3iIgHRj8/Ra/GjE/HSSchfs98a"}}]