{"_sessions":{"BZVnC3t5tIQRA8tctn2xMJfDH+2ASCjGBot0gkWTtQ4O":{"registrationId":90,"currentRatchet":{"ephemeralKeyPair":{"pubKey":"BUzOFtANz8MY0gKxKo+9l6bRWy/KD1TnjYgvmdMCPac9","privKey":"mENdH/wGkXWF6GlJhu7PYIOq8vS+7HfFl2UOnIdntWs="},"lastRemoteEphemeralKey":"Bfj2B1btmB5SsOJTLVSpqFDDrXdC61kn487vpFJC5d88","previousCounter":0,"rootKey":"5VY20GaZIq7nBaPGzBAuLn9HJ/nYNOEtoS3+efl7AHM="},"indexInfo":{"baseKey":"BZVnC3t5tIQRA8tctn2xMJfDH+2ASCjGBot0gkWTtQ4O","baseKeyType":1,"closed":-1,"used":1754944280063,"created":1754944280063,"remoteIdentityKey":"BXJdvYhKsgAtp7cTVlL48o51a0fO9ghoQW08JXUma6wh"},"_chains":{"BUzOFtANz8MY0gKxKo+9l6bRWy/KD1TnjYgvmdMCPac9":{"chainKey":{"counter":476,"key":"yUUTjKHdqdPqXEIYtKRQoXLth/CCOco7wmwPQGKUY8M="},"chainType":1,"messageKeys":{}}},"pendingPreKey":{"signedKeyId":1,"baseKey":"BZVnC3t5tIQRA8tctn2xMJfDH+2ASCjGBot0gkWTtQ4O","preKeyId":4}}},"version":"v1"}