{"_sessions":{"BdPIK90G7xU2CZojZ0Ii5CtZHkX3TNo63udOgEoYaEAH":{"registrationId":238,"currentRatchet":{"ephemeralKeyPair":{"pubKey":"BWv6eK/hTXfrHGaZ6Fl80eQjxmtXxjo+eTCzSL8wCAwu","privKey":"MKS9Kve4wa5O0iEbHuW4MnN7rCpuge2XqkC+MFoDuHc="},"lastRemoteEphemeralKey":"BVj8tzkZEBZ84AqQfRfn0D83PgMIAXlmaWjlE5zEMe4g","previousCounter":0,"rootKey":"PnoSRV9lSDqdwNF/WAnJdBg2Q19JmUS/Xwi5L977Zas="},"indexInfo":{"baseKey":"BdPIK90G7xU2CZojZ0Ii5CtZHkX3TNo63udOgEoYaEAH","baseKeyType":1,"closed":-1,"used":1754948786294,"created":1754948786293,"remoteIdentityKey":"BbaabrHJwECqkVOGCuUQc6tSeKVt8bH2ve7sI73XvlUl"},"_chains":{"BWv6eK/hTXfrHGaZ6Fl80eQjxmtXxjo+eTCzSL8wCAwu":{"chainKey":{"counter":0,"key":"yh4NS61tb1cZCmdQ0232z4GI5VTIT+DtMw/3VKcvQF4="},"chainType":1,"messageKeys":{}}},"pendingPreKey":{"signedKeyId":1,"baseKey":"BdPIK90G7xU2CZojZ0Ii5CtZHkX3TNo63udOgEoYaEAH","preKeyId":92}}},"version":"v1"}