{"_sessions":{"BRl5Ley2uWSRRuGcMRUid8IfSLmU6cnsEnra9V82bOEN":{"registrationId":1020163611,"currentRatchet":{"ephemeralKeyPair":{"pubKey":"BYgA0VD2m4azc7e40O/4wgOpxj50BfFTMgwPYed72wYQ","privKey":"0NTsL1zVmGArGOBiKHAXrhJUrdz1YtpnBUf7dhfODk0="},"lastRemoteEphemeralKey":"BbE1y7ouLzNfwemd+F9M+0+yXJ0l4JT6SesY5TPDOBE8","previousCounter":0,"rootKey":"acmzcTJ09rOP4LkE7U+3KNE3r9FZNzUZ0l8XXmCOrQ0="},"indexInfo":{"baseKey":"BRl5Ley2uWSRRuGcMRUid8IfSLmU6cnsEnra9V82bOEN","baseKeyType":2,"closed":-1,"used":1754980901102,"created":1754980901102,"remoteIdentityKey":"BUw5/rT8yWPmaETqfWR+nQsH9gDYeQ8uHzs8c8hqpYlZ"},"_chains":{"BbE1y7ouLzNfwemd+F9M+0+yXJ0l4JT6SesY5TPDOBE8":{"chainKey":{"counter":1,"key":"WDf5IpEyq1GUFjQm9OaNtHp0SQBOtR/11D/dFLH3p5k="},"chainType":2,"messageKeys":{}},"BYgA0VD2m4azc7e40O/4wgOpxj50BfFTMgwPYed72wYQ":{"chainKey":{"counter":-1,"key":"O4q92EzbHl3rX+ru3IlToXRBLOMn+7LqKu779g/qNrQ="},"chainType":1,"messageKeys":{}}}}},"version":"v1"}