{"_sessions":{"BfjduovYvetCosxGRtLV94S84P+ySE/aFHNK/Y+6r9xm":{"registrationId":1741262985,"currentRatchet":{"ephemeralKeyPair":{"pubKey":"BU1S0aifIL5AqWpnE1bWjB2pXxX7NB8TALgkZMO4PBUy","privKey":"MBhT6TtQfPNqKbtGS6PIsrowm4ueOper+Lh/PApB2Wk="},"lastRemoteEphemeralKey":"BU/VTPWaebNFF7CKftIyDy/cNUsijOcyps1xTugSDQlb","previousCounter":0,"rootKey":"0LPvCPzv+RBPROrOMINGC86M4ZRAFujNPfiSVAVHRPE="},"indexInfo":{"baseKey":"BfjduovYvetCosxGRtLV94S84P+ySE/aFHNK/Y+6r9xm","baseKeyType":2,"closed":1754947362835,"used":1754947315149,"created":1754947315149,"remoteIdentityKey":"BdvkALkOWn+7LkcOIObIeSXq98a5W8LBdvGid7hiDVEv"},"_chains":{"BU/VTPWaebNFF7CKftIyDy/cNUsijOcyps1xTugSDQlb":{"chainKey":{"counter":0,"key":"XVxhQ00HNMoTezbM5ZFIfaJc6FAACxOsRd8kssFrIBw="},"chainType":2,"messageKeys":{}},"BU1S0aifIL5AqWpnE1bWjB2pXxX7NB8TALgkZMO4PBUy":{"chainKey":{"counter":-1,"key":"lB+Ra5nQh9EjKRvHqJzzsULAqlS43hSL1JTGLjOtCdU="},"chainType":1,"messageKeys":{}}}},"BacEzWtEFQRRN6K3qBIMtOUzZ536smTVcdPhUC9zgS8S":{"registrationId":1741262985,"currentRatchet":{"ephemeralKeyPair":{"pubKey":"BXQa3k6UBXZ+wTM7vC8LLl2ojJK8NcSUstTSaVTyDYAV","privKey":"kCp1DasvLilDwlW/dBvPJU33TbjvCrwdWt4fk1QXqnM="},"lastRemoteEphemeralKey":"BQzdZvgoCMOt7gFE4/CgU9Ci6q4lNH0iFgIfDsft0XAb","previousCounter":0,"rootKey":"uRtclcjBjO1jt4aTrnWUZJzfz/OamHSdsFdksNaXcZg="},"indexInfo":{"baseKey":"BacEzWtEFQRRN6K3qBIMtOUzZ536smTVcdPhUC9zgS8S","baseKeyType":2,"closed":-1,"used":1754947362838,"created":1754947362838,"remoteIdentityKey":"BdvkALkOWn+7LkcOIObIeSXq98a5W8LBdvGid7hiDVEv"},"_chains":{"BQzdZvgoCMOt7gFE4/CgU9Ci6q4lNH0iFgIfDsft0XAb":{"chainKey":{"counter":1,"key":"+9uNMjM/lA/hCWRJSUSv+6DjbYKN3jyKkriQIxTscRo="},"chainType":2,"messageKeys":{}},"BXQa3k6UBXZ+wTM7vC8LLl2ojJK8NcSUstTSaVTyDYAV":{"chainKey":{"counter":0,"key":"yeKPYy3l5DrGcvejeSTwNGgT6WEcT8abPrOxjH7Wq7Y="},"chainType":1,"messageKeys":{}}}}},"version":"v1"}