{"_sessions":{"BRokCFsBCgAjfmpamOG124xygWQubW/Xg82w6GND19NP":{"registrationId":252,"currentRatchet":{"ephemeralKeyPair":{"pubKey":"BQqm4mjdNStghQjnOYtpgw5f7TvB5bQds/tfH3rYs74c","privKey":"uMyRVOAgFfqIAXIleOr4NEAo2zKLZB47bKHX4yyvT3w="},"lastRemoteEphemeralKey":"BW2ASjGcpwowyO/EU46xi7gEJf0fkYLU01C3CF4MrqBJ","previousCounter":0,"rootKey":"4/pX4AvcM0hXbV54aTJJMRDcdq6POramNQxx6Xm8HRs="},"indexInfo":{"baseKey":"BRokCFsBCgAjfmpamOG124xygWQubW/Xg82w6GND19NP","baseKeyType":1,"closed":-1,"used":1754948786303,"created":1754948786303,"remoteIdentityKey":"BdE2YLBIzdcIIYICSqG4W+WDcARku8pNRY3vKs88o/En"},"_chains":{"BQqm4mjdNStghQjnOYtpgw5f7TvB5bQds/tfH3rYs74c":{"chainKey":{"counter":0,"key":"GOnJSyBrGZ8QvNFgOYb1ouPcNW0uTNsoMWzbSRYP+Rg="},"chainType":1,"messageKeys":{}}},"pendingPreKey":{"signedKeyId":1,"baseKey":"BRokCFsBCgAjfmpamOG124xygWQubW/Xg82w6GND19NP","preKeyId":36}}},"version":"v1"}