{"_sessions":{"BWIpqFDLEF4ebDYBzDcw//lKH8qvXbuW6Nh1Sd0seJV5":{"registrationId":74861324,"currentRatchet":{"ephemeralKeyPair":{"pubKey":"BY9tmieZIbjh8ut5zNSvtLNpEopGrLIx1UWhhyz9N7Qj","privKey":"UArkaGnF5GvYJFyXsSTxSFiHmU9szY/Dh7HZeM1EgH4="},"lastRemoteEphemeralKey":"BdBARuCRKSsL/uB3vjzJYecUCUqSBP355jr0QH6JfycT","previousCounter":0,"rootKey":"vATXmS/Opg3TVT4V9Du/+f/HzYn7MsM8hSlZAZGGGJE="},"indexInfo":{"baseKey":"BWIpqFDLEF4ebDYBzDcw//lKH8qvXbuW6Nh1Sd0seJV5","baseKeyType":1,"closed":-1,"used":1754949285924,"created":1754949285924,"remoteIdentityKey":"BZ+h3SKjiUVjGfeSuNkEdn5voJzJ9G+sCmKD5VWsc1RK"},"_chains":{"BY9tmieZIbjh8ut5zNSvtLNpEopGrLIx1UWhhyz9N7Qj":{"chainKey":{"counter":0,"key":"204IGg30q+QQHWLD1/WLdVxi0cGHj6g5TrindxQ/JLs="},"chainType":1,"messageKeys":{}}},"pendingPreKey":{"signedKeyId":7752460,"baseKey":"BWIpqFDLEF4ebDYBzDcw//lKH8qvXbuW6Nh1Sd0seJV5"}}},"version":"v1"}