{"_sessions":{"BYu3L9ARyLLnB5vbV8cChVJRiwyfuoZNk2HhNDfiIwRn":{"registrationId":187,"currentRatchet":{"ephemeralKeyPair":{"pubKey":"BVaf28JK90LVfddkju4zd2Fh/ZIdAjgZ2J/gcgR9W4Fk","privKey":"cLe8OpLlJQumkOyQh6SKQA+65biCsfIwjgM8048TWXY="},"lastRemoteEphemeralKey":"BfgTFYDlpd+YLpOub2aQSvrZ0JAz/gPIn7ieOsDRDdIW","previousCounter":0,"rootKey":"9WETkk3Uy3pslv7YKRF5jUUmGoYorl9YJfTNw3crj5Y="},"indexInfo":{"baseKey":"BYu3L9ARyLLnB5vbV8cChVJRiwyfuoZNk2HhNDfiIwRn","baseKeyType":2,"closed":1754949309644,"used":1754948262104,"created":1754948262104,"remoteIdentityKey":"BdZfcjjjffAwvrFjMTnAIy4xRTu94bV3V+ro7dpfH3sL"},"_chains":{"BfgTFYDlpd+YLpOub2aQSvrZ0JAz/gPIn7ieOsDRDdIW":{"chainKey":{"counter":0,"key":"QyHyN5CX45cPv8laovuZWiZt/swswgBeN7p4rOAxuqY="},"chainType":2,"messageKeys":{}},"BVaf28JK90LVfddkju4zd2Fh/ZIdAjgZ2J/gcgR9W4Fk":{"chainKey":{"counter":0,"key":"3cMmh+PwNI5YhOa7ytdHYiizkcMgWrZPtoum2KJ0tEg="},"chainType":1,"messageKeys":{}}}},"BRUSOVZtXhmvo3o1jds3ZHDGQgYdH9OJIlJGWSFd8JYg":{"registrationId":187,"currentRatchet":{"ephemeralKeyPair":{"pubKey":"BQ8a8QF8knBwyJtnO8ewq7m2FIaYpbAAtLbpgIf+XHEy","privKey":"sOHyeCXQlX3lYrpJ2yEPJO23meY1XEQmoj6lcZSWgF0="},"lastRemoteEphemeralKey":"BXwtvzCQJoRbJ/wdrRjNmGOncUWP7BQ5LSMcHA1nSZkd","previousCounter":0,"rootKey":"feqJWzWZ7TcGeNmxF83+98ao3sgHFfpNMKXzzxpJyE4="},"indexInfo":{"baseKey":"BRUSOVZtXhmvo3o1jds3ZHDGQgYdH9OJIlJGWSFd8JYg","baseKeyType":2,"closed":-1,"used":1754949309650,"created":1754949309650,"remoteIdentityKey":"BdZfcjjjffAwvrFjMTnAIy4xRTu94bV3V+ro7dpfH3sL"},"_chains":{"BXwtvzCQJoRbJ/wdrRjNmGOncUWP7BQ5LSMcHA1nSZkd":{"chainKey":{"counter":1,"key":"kXudVKEuQbwe41NKBnMYOnWL36P8wbPJzKFGcx+Xy7s="},"chainType":2,"messageKeys":{}},"BQ8a8QF8knBwyJtnO8ewq7m2FIaYpbAAtLbpgIf+XHEy":{"chainKey":{"counter":-1,"key":"jnAM33OMrhGSIrxCIt6ONcbI+obEhQbKgaGoYAd/a1I="},"chainType":1,"messageKeys":{}}}}},"version":"v1"}