{"_sessions":{"BSzdJCWBj9zATmOweiwoazDgARE1YpzcutgSMNvA1dc6":{"registrationId":598873215,"currentRatchet":{"ephemeralKeyPair":{"pubKey":"BaNkNpszQqmEATX0UHOtWxgxcF9G48TPDIkN/bWp9/E5","privKey":"+N7fv69bPlE00D1HEZ43PtHJ+EP/MDRmtP/juI/yLVo="},"lastRemoteEphemeralKey":"BWwPbUdmrLMEzZyhMBobpPWeyA1rMBJPT9kYR3NDCBgX","previousCounter":0,"rootKey":"fPp0F7606WLzoRCr0TGuGREkVFu6qqZtb7Wjtf2q/aA="},"indexInfo":{"baseKey":"BSzdJCWBj9zATmOweiwoazDgARE1YpzcutgSMNvA1dc6","baseKeyType":2,"closed":-1,"used":1754981699980,"created":1754981699980,"remoteIdentityKey":"BZ3n43+xbqnp7Jpd6mjC7M3Bgdyvcr4NCzoJFVZ4RRo5"},"_chains":{"BWwPbUdmrLMEzZyhMBobpPWeyA1rMBJPT9kYR3NDCBgX":{"chainKey":{"counter":0,"key":"uxNPAwFIlHsXHsd8xdBy00vPRMARnI3qtVFRkIyNv+U="},"chainType":2,"messageKeys":{}},"BaNkNpszQqmEATX0UHOtWxgxcF9G48TPDIkN/bWp9/E5":{"chainKey":{"counter":-1,"key":"29vW+IIX9WuPmaqXkGI6qrJvU6pSyifO/ITLOE1CG5w="},"chainType":1,"messageKeys":{}}}}},"version":"v1"}