{"_sessions":{"BWcmCUrg4AO2Kve0g/5qMgAY7DmSe710P0bSAXI9jP9y":{"registrationId":189,"currentRatchet":{"ephemeralKeyPair":{"pubKey":"BY3KGKtu4FYsa98h6YlpZmeXlWRtDjuXOZ8HmJko0YdV","privKey":"WBnZcOEf47zVlN2PrdhBY93sdNBuXsXRyco9AN8gLlA="},"lastRemoteEphemeralKey":"BfEXsb8gkyykydqioj7Ho1pEVlzmXN/Xm5Cvh9nJFl1+","previousCounter":0,"rootKey":"7HEGR55GVfGYnYFCi9Eci9q+vy4CwwYrTfRJvHENx4I="},"indexInfo":{"baseKey":"BWcmCUrg4AO2Kve0g/5qMgAY7DmSe710P0bSAXI9jP9y","baseKeyType":1,"closed":-1,"used":1754947115720,"created":1754947115720,"remoteIdentityKey":"BYwoJv+6lqral0FlxnP7Y0q2aVC8moCC9B2GfZZYGgkv"},"_chains":{"BY3KGKtu4FYsa98h6YlpZmeXlWRtDjuXOZ8HmJko0YdV":{"chainKey":{"counter":192,"key":"XxLYZBIe9mmZhUqo/Zh8wGiKX5eAwmnvW4hZYHD6xVI="},"chainType":1,"messageKeys":{}}},"pendingPreKey":{"signedKeyId":1,"baseKey":"BWcmCUrg4AO2Kve0g/5qMgAY7DmSe710P0bSAXI9jP9y","preKeyId":21}}},"version":"v1"}