{"_sessions":{"BWqeS63mLR+Ajs0n/F2th10F9dt05DIi+JYMbUxF6Wxg":{"registrationId":1741262985,"currentRatchet":{"ephemeralKeyPair":{"pubKey":"Bc3xItgFFZIfbGmreC6RsVC+VB3J8tfoMHg1U6opLIZE","privKey":"8CLEdJXzsK9G0u6F3TQxg2/VE4m55SOaJZ/4H81ZZ0E="},"lastRemoteEphemeralKey":"BeNzQoU/jD4nGZngiTYOrDQa+JlPQesuud4ChTo+QYko","previousCounter":0,"rootKey":"O1KoPCRvyIPqpr7TYk3jG+PoUTgS2I97XPlbke8DSSU="},"indexInfo":{"baseKey":"BWqeS63mLR+Ajs0n/F2th10F9dt05DIi+JYMbUxF6Wxg","baseKeyType":1,"closed":1754948295846,"used":1754947361978,"created":1754944280071,"remoteIdentityKey":"BdvkALkOWn+7LkcOIObIeSXq98a5W8LBdvGid7hiDVEv"},"_chains":{"BRwi08TdJySlKzRL0yOlf2yTF1NR8hmjtcDayRMWj3k9":{"chainKey":{"counter":0},"chainType":2,"messageKeys":{}},"BQxLvXJ9b4YHyG1pAVj8X3nXf3mvQfWvUqtD94wJm4gL":{"chainKey":{"counter":0},"chainType":2,"messageKeys":{}},"BQRzdnxnOPom8v4ENl5XHkuDqcGyDDubgYyDHzOIyH4s":{"chainKey":{"counter":0},"chainType":2,"messageKeys":{}},"BUFERGHtnIWAwf3YmQMQSY9QBy++37ynsGjjc+ALrNpf":{"chainKey":{"counter":0},"chainType":2,"messageKeys":{}},"Bb/zwkghBSWpNSBa2vGdAiF9ZZGagjjlIaqEPA/wAod/":{"chainKey":{"counter":1},"chainType":2,"messageKeys":{}},"BRYHzAHWNyx6z+JV5jiE1u7gsrKy2oyeSMUkxBUxT+sV":{"chainKey":{"counter":0},"chainType":2,"messageKeys":{}},"BfGc6DMsVQ4l53x1N5LXjG/75yH1dS0GnghguP4EujUO":{"chainKey":{"counter":0},"chainType":2,"messageKeys":{}},"BYQCFPFtvgM05zk064I6FFAZ9e//sE7k0wgVoqRwO9Uj":{"chainKey":{"counter":0},"chainType":2,"messageKeys":{}},"BbBH2KUDDb106tXcm2e7CIlm3WCg6kvgjEB4+hkP8ngQ":{"chainKey":{"counter":0},"chainType":2,"messageKeys":{}},"BYMYUQPzMLHRwv6A80/TgjhM23EemRf+dVN8EkjS4dBD":{"chainKey":{"counter":0},"chainType":2,"messageKeys":{}},"BdD9IwzBtJTrwUSq0dcGNlwD45KO2l0VHRP9BqlMA+8h":{"chainKey":{"counter":0},"chainType":2,"messageKeys":{}},"BVU35zc1PFYVzhnamCL1C1ZGCqeuKAPaOe1QqPL1uVNJ":{"chainKey":{"counter":0},"chainType":2,"messageKeys":{}},"BYjnwD1IAJsb0Q/THNNiOJkGOJy54EpXjvz4nDUb2L5h":{"chainKey":{"counter":0},"chainType":2,"messageKeys":{}},"BSPkh/de6TlIK5V9CZAVkTTZNb8n9SMVBu1W3ldWKPk4":{"chainKey":{"counter":0},"chainType":2,"messageKeys":{}},"BWYN8UUKx1OeUZEa0vBaEyr5K1uKqRCO3U5SmiVKV9tE":{"chainKey":{"counter":0},"chainType":2,"messageKeys":{}},"BZ2hiMMDSMMThAdTI+RXCOfSIQ2E0BcHEly+TOaLyU4K":{"chainKey":{"counter":1},"chainType":2,"messageKeys":{}},"Bek6aW20O+enKePhhnVvzJIbJTez/8YqTZWBaaIWWHEP":{"chainKey":{"counter":2},"chainType":2,"messageKeys":{"0":"KkIbhBBai3ZQgJ+FXrIOIQStfup/yuja+s4wAiQ04Ow=","1":"8QOGvdObywoC0e4HYW3Zx3vAduQXrbWVa+ErdkH4Z+s="}},"BW0L8TiCSp+LX+sezFpuSq5zdcUEUdviyKHrunD51A40":{"chainKey":{"counter":0},"chainType":2,"messageKeys":{}},"BR59vzPk+/VnyC6yPyPLYaXMo0iZIZ0PQDn03D//r34D":{"chainKey":{"counter":0},"chainType":2,"messageKeys":{}},"BWcWmA/IqgcPCBnrO/aB+bdslqglfyNooyPzuftVXYA0":{"chainKey":{"counter":0},"chainType":2,"messageKeys":{}},"BdTeF0bFWdJmo6Af/aNmf5iFKRVI71cpKBuBaP3FrSMv":{"chainKey":{"counter":0},"chainType":2,"messageKeys":{}},"BX39lTZ0ClGQUfFPcaYk390ZVlCZJJqmPjCK3ho7/4JJ":{"chainKey":{"counter":0},"chainType":2,"messageKeys":{}},"BXKtjwWJVnq8e9ZcBlVgoFgVreplMKTQbcOmqcmTH8NM":{"chainKey":{"counter":0},"chainType":2,"messageKeys":{}},"BV6qEZgwfv82QyhZp2oOi2HsV1FJAMlnjmF94KO+lMlY":{"chainKey":{"counter":0},"chainType":2,"messageKeys":{}},"BQY+KqFoKkgwxHBp/v52qErkIG/nilpPNvuFfzZwXw0z":{"chainKey":{"counter":0},"chainType":2,"messageKeys":{}},"Bdv3+RDec5cUkZOwUgaWsNxnG4ERDVwnXCrIxdDriXh9":{"chainKey":{"counter":0},"chainType":2,"messageKeys":{}},"BUM4WFqqIvW9i6Om5/hm2NZu+bfFgprPjV6Wj/P8+ckV":{"chainKey":{"counter":0},"chainType":2,"messageKeys":{}},"BcpDbkzC2Di1XXvYxtzGhmVX3aSO5Scw3J93xE8edNsY":{"chainKey":{"counter":0},"chainType":2,"messageKeys":{}},"BR0DkEE6v62ymZV6aJrHw6qJDW9/c6c0Hm+bP338H6sr":{"chainKey":{"counter":1},"chainType":2,"messageKeys":{}},"BdO9YKc4ueyDyaGaMYHZeVv6h6ChwTHdY7fCqDVaxUgu":{"chainKey":{"counter":0},"chainType":2,"messageKeys":{}},"BXXGwcyMGZZ8btZh+Erf+ibRs0hx8R5/iCq20E0KY+lw":{"chainKey":{"counter":1},"chainType":2,"messageKeys":{}},"BQVJ3Amqmszo1hMM0ai7p0XxiBQ7Ch0+4kSx0G++VKt4":{"chainKey":{"counter":0},"chainType":2,"messageKeys":{}},"BdApybk7eQ4NIEjN0L2IF+t1REBpmnHc2//FR9bSsSgq":{"chainKey":{"counter":0},"chainType":2,"messageKeys":{}},"BTI9gOpRqTRX2ee2X60N/sYd82wh22pT7tY75CP/KhBz":{"chainKey":{"counter":0},"chainType":2,"messageKeys":{}},"BWthuKQEOrbYXrBHpVcVJ/Aa/9dfhe9mw3TYRREhK/FG":{"chainKey":{"counter":0},"chainType":2,"messageKeys":{}},"BboGk5/ghVke7T9WIqFGhFD0TZJ0Y4daeVi3YiFFNt9K":{"chainKey":{"counter":1},"chainType":2,"messageKeys":{"1":"9eqd4JXStbSeksxFrN9RPyF9t+vmX4vGo3KkjqU4toA="}},"BWmM484V0+R4JTNRVl35FjzzAxrZDQLeL47yt61Hi5VU":{"chainKey":{"counter":0},"chainType":2,"messageKeys":{}},"BeWMzvSER88y0C94LC1iYYBWDy4cDtpqT3gEgutDb0s9":{"chainKey":{"counter":0},"chainType":2,"messageKeys":{}},"BS5eqSgi/h0ZVdHnK1b+kXIzFcrxBJZFy33DpjHi9GpY":{"chainKey":{"counter":0},"chainType":2,"messageKeys":{}},"Balnav65dCkQDju0WSpqtIA9eLhMWr2xwR5C9c6nwKFL":{"chainKey":{"counter":0},"chainType":2,"messageKeys":{}},"Bf7hoeGBJpTwCnO7EwCFIiAfmej5gVK4RXio+LZRMi8H":{"chainKey":{"counter":0},"chainType":2,"messageKeys":{}},"BVcr+a330lxjGPBbAjqceoEmux+AXb0r9Lo5TsRYuU92":{"chainKey":{"counter":0},"chainType":2,"messageKeys":{}},"BV1eV72EY1CS5pnUo1QVe00NyTtz1Hbm+FY+0ki0NNop":{"chainKey":{"counter":0},"chainType":2,"messageKeys":{}},"BS3OCAEhwd9o2W0iMpuPBMJhOyqMQWPRSE8O3uQazbU4":{"chainKey":{"counter":0},"chainType":2,"messageKeys":{}},"Ba30X+OM5A7dpWEcx1YpFegoEKSlbErBglLtZKJQNcJP":{"chainKey":{"counter":0},"chainType":2,"messageKeys":{}},"BT2vsyxYOOuaAHvkOSDO/4hwYvm9yNU1rByyrh1Lw4g2":{"chainKey":{"counter":0},"chainType":2,"messageKeys":{}},"BS7gMamq58MXcPae2izpHdfiNIZu0UjDlmQguQlPDHUh":{"chainKey":{"counter":0},"chainType":2,"messageKeys":{}},"BXApEzFmYJLmcR4M2ZmUXuXiqQZogBQ7Q1fFzYKQF4Fz":{"chainKey":{"counter":0},"chainType":2,"messageKeys":{}},"Ban6YhFs7y4fAk+yvO/lj24uMsysqWSKMg0ijY2/bCFA":{"chainKey":{"counter":0},"chainType":2,"messageKeys":{}},"BYCA4rdBJVAdvKlUA44600lw6Qf/d8yT1Bg0usSMcNQx":{"chainKey":{"counter":1},"chainType":2,"messageKeys":{"1":"uVYgqqEoOfPWNwAjXIBQFCQZK9a4gpOe4e2wNJH7+l4="}},"Bf+JbMGSUkomkQZZr4mgcEFvh9+kkdJgCAKnwdPJa2Ya":{"chainKey":{"counter":0},"chainType":2,"messageKeys":{}},"BYTREE6KYz8a1wtsijrNTh72lBFc9JHgndeBit1MRUVy":{"chainKey":{"counter":0},"chainType":2,"messageKeys":{}},"BcVuEU6R7Xkv8xp84/fZlNWs1djwdPhckHHcMsRYkuxO":{"chainKey":{"counter":0},"chainType":2,"messageKeys":{}},"Bc21JhEguAn/pYXFCfzTxsaa1Dies3QJ3X0d3XuIWNF/":{"chainKey":{"counter":0},"chainType":2,"messageKeys":{}},"BWnI9Vsqi1BhJgUEwkQAypbnmz9zkwCHAV/0Q1E4kZcf":{"chainKey":{"counter":0},"chainType":2,"messageKeys":{}},"BfXDuq8wudJ7f9vHVt2aDxoihwzWdFjveqPtypSMyIJ4":{"chainKey":{"counter":0},"chainType":2,"messageKeys":{}},"BXBQ3/KoJBTKrHOAUnxheSfZsvOfl+tbnMWT0MKRyRlI":{"chainKey":{"counter":0},"chainType":2,"messageKeys":{}},"BeNzQoU/jD4nGZngiTYOrDQa+JlPQesuud4ChTo+QYko":{"chainKey":{"counter":0,"key":"AZc6uwzYwH916nmv+uO8ailUbH+3l2P9TP5ucKlEc38="},"chainType":2,"messageKeys":{}},"Bc3xItgFFZIfbGmreC6RsVC+VB3J8tfoMHg1U6opLIZE":{"chainKey":{"counter":-1,"key":"0xE4o712jWv045jBgPHUAX76+jp+KyN1yt7XoMzB958="},"chainType":1,"messageKeys":{}}}},"BacEzWtEFQRRN6K3qBIMtOUzZ536smTVcdPhUC9zgS8S":{"registrationId":1741262985,"currentRatchet":{"ephemeralKeyPair":{"pubKey":"BdXHm+DG7/SePVxSYnQBqESxhUy+kaLfjqEkSTJ1tAtp","privKey":"GAryhrf/1ihZkw6/3fprdD0DujwyU2J9v+LCdTA8eFc="},"lastRemoteEphemeralKey":"BU2AjfMCUkeemUQA//A2irxoE/eUjY4m6hdg6aJkaG81","previousCounter":102,"rootKey":"Z7sMvvqaLstbMtugOVIitwEZH78fnUuuwJ+iEVxvYoU="},"indexInfo":{"baseKey":"BacEzWtEFQRRN6K3qBIMtOUzZ536smTVcdPhUC9zgS8S","baseKeyType":2,"closed":-1,"used":1754985968059,"created":1754948295849,"remoteIdentityKey":"BdvkALkOWn+7LkcOIObIeSXq98a5W8LBdvGid7hiDVEv"},"_chains":{"BQzdZvgoCMOt7gFE4/CgU9Ci6q4lNH0iFgIfDsft0XAb":{"chainKey":{"counter":2},"chainType":2,"messageKeys":{"0":"gg76lkxwjuqAnesDPk1Ff9Tr4x0Zmz/ue0r4VFuECDo=","1":"SIaRrf6bGfKUZyJ8gXGZ8xB5IAHHOJjgjzeyks0N+rs="}},"BWYKRbymAp9hvEejMbSL/XX0UwxLWOvTU3om2iQABxNg":{"chainKey":{"counter":0},"chainType":2,"messageKeys":{}},"BYMEl4/2nep9939DtnKYQyN+CnrnAvV3IVllYHD6l1om":{"chainKey":{"counter":0},"chainType":2,"messageKeys":{}},"BaeQ/sZt06EmTZGXVX/QlusmJUQ56wTkZuRHNzzmYX8q":{"chainKey":{"counter":0},"chainType":2,"messageKeys":{}},"BcY3b5ztDN7PQRjNFac1s1snWwheAz/Wbm4qw1iWCMds":{"chainKey":{"counter":0},"chainType":2,"messageKeys":{}},"BW2sZg6lValvDQdIRyBc6Pp9vr3WXV0XhxZGhNWVmGx4":{"chainKey":{"counter":0},"chainType":2,"messageKeys":{}},"BdOHCFA3rvRa3+faSFrvmX1nUBaOzZbDxS9WJ6xbu+A9":{"chainKey":{"counter":0},"chainType":2,"messageKeys":{}},"BSkD/SGEEgsN01WxbZXeeMMzX3+qbbugsV17VdNarkgX":{"chainKey":{"counter":0},"chainType":2,"messageKeys":{}},"BbBw984KQcrApK3gpsZUr3sy1AWIbIlfhWd1eZ0dddt3":{"chainKey":{"counter":0},"chainType":2,"messageKeys":{}},"BZ1R2fxcW8SCbm1foPqEQbOPUT2CLO2dzHko2+XkubV3":{"chainKey":{"counter":1},"chainType":2,"messageKeys":{}},"BT3hp72SWTEx1wA08XYQpjW49h+j3VoF9emc2qHhbRIc":{"chainKey":{"counter":0},"chainType":2,"messageKeys":{}},"BfNfpV+NgDv5NX4mpalkt2NYP0nwJw+SvHNraU3unaw+":{"chainKey":{"counter":2},"chainType":2,"messageKeys":{}},"BQm13BECpF0Tep1r++PjF34HrjdZaZno9w95W36ZaQ4L":{"chainKey":{"counter":0},"chainType":2,"messageKeys":{}},"BWQzsiurSwM2KoxV93aVM/OH1yzb4sx5eej/1xP/hhZX":{"chainKey":{"counter":0},"chainType":2,"messageKeys":{}},"BSvTnXgVT3ev5UezguJGNpGeISiUnrZgBejRoZyjuKcj":{"chainKey":{"counter":2},"chainType":2,"messageKeys":{"0":"QSfMief92LlE6E/rPEjMU8q5+HtXQYoZNtv+5VS8Ooo=","1":"QIQhP5sTDjOVQJjvgwd+2CE/bJnUsXsEHCoZ2iaV7Rw="}},"BXcDnfGi8iw15PHun58DeVfL+3PwOzIhMXQJDmyhNQgK":{"chainKey":{"counter":0},"chainType":2,"messageKeys":{}},"BahxgQoXcK1f6T25/wT4DQC7cu8JVmMCudI9oa5yBecx":{"chainKey":{"counter":1},"chainType":2,"messageKeys":{}},"BYVMSdRm1l/uCC6Kmh2jez4GgF7wkAawirmA5GlrKLIF":{"chainKey":{"counter":0},"chainType":2,"messageKeys":{}},"BSUd5ZgVxQ0SWbaBcFDDGVDogBlMMuzwiBExG+NJjg4q":{"chainKey":{"counter":0},"chainType":2,"messageKeys":{}},"BQSexGGIBKFmF3yOxIM7GcacGsJFIk9ExWO7oST5EjFK":{"chainKey":{"counter":0},"chainType":2,"messageKeys":{}},"BQ3GyVaV/NarvvPq20mogoqkorEB95AoBn2orVnNo9NP":{"chainKey":{"counter":2},"chainType":2,"messageKeys":{}},"BQ7ia7R6eNVII0mtrB71CRxlvI2v6omWK40TeUvEcR9+":{"chainKey":{"counter":1},"chainType":2,"messageKeys":{}},"BVkETQwPWaVOaSTtJp8oAnMkDuS1flf/cc33E19Drp1W":{"chainKey":{"counter":0},"chainType":2,"messageKeys":{}},"BZwjE7AEQ0Aaj2W1sJoKt2mzHbJ/D4f9i7/uKzA5ozAW":{"chainKey":{"counter":0},"chainType":2,"messageKeys":{}},"BZTp4E92lEf4Ga15zUAyDfdMkurfcm8K/f1vaWjAuysE":{"chainKey":{"counter":0},"chainType":2,"messageKeys":{}},"Bb05BaEl1awonUCbKYHkE7Q11d0QSMQwUR8tCjPtTC5u":{"chainKey":{"counter":0},"chainType":2,"messageKeys":{}},"BYMUqXd1E7DPzZ20KlSUKqC4UHO+sJBuzbSCrm/4p7R0":{"chainKey":{"counter":0},"chainType":2,"messageKeys":{}},"BYAuseEwGlddwXFcwFfS3eYl7LDHyiaeK/VcZ4IFpQ0t":{"chainKey":{"counter":0},"chainType":2,"messageKeys":{}},"BU2AjfMCUkeemUQA//A2irxoE/eUjY4m6hdg6aJkaG81":{"chainKey":{"counter":0,"key":"bVR/tLruR32ZxDPcn98+xTHLNryABc0XPq9IOwhd12Q="},"chainType":2,"messageKeys":{}},"BdXHm+DG7/SePVxSYnQBqESxhUy+kaLfjqEkSTJ1tAtp":{"chainKey":{"counter":1,"key":"wPkF16GQs4sJVBZin2WHiZ7km9iVQ29jFTsnRNvvDRM="},"chainType":1,"messageKeys":{}}}}},"version":"v1"}