{"_sessions":{"BXvtlNFPLjNPPzgoL59oREMQfCNnVVrPVpaC/NbGSlQi":{"registrationId":90,"currentRatchet":{"ephemeralKeyPair":{"pubKey":"BbQVJf0lCA8vsi53kyWAZIg+9xjyvZoX9sjbx7wBrc4q","privKey":"gDM6jKDsnDlzXASodifVtFJebvowJJtTwo9aqhI6imM="},"lastRemoteEphemeralKey":"Bfj2B1btmB5SsOJTLVSpqFDDrXdC61kn487vpFJC5d88","previousCounter":0,"rootKey":"XR9syIYFsp1vZx3GxHmlbgEuYAXeCbWe7uEExG748oc="},"indexInfo":{"baseKey":"BXvtlNFPLjNPPzgoL59oREMQfCNnVVrPVpaC/NbGSlQi","baseKeyType":1,"closed":-1,"used":1754948786298,"created":1754948786298,"remoteIdentityKey":"BXJdvYhKsgAtp7cTVlL48o51a0fO9ghoQW08JXUma6wh"},"_chains":{"BbQVJf0lCA8vsi53kyWAZIg+9xjyvZoX9sjbx7wBrc4q":{"chainKey":{"counter":0,"key":"xdSKkuGA912w544nDQ0Hus4rT8fiRLQn7DwZpnp+L28="},"chainType":1,"messageKeys":{}}},"pendingPreKey":{"signedKeyId":1,"baseKey":"BXvtlNFPLjNPPzgoL59oREMQfCNnVVrPVpaC/NbGSlQi","preKeyId":30}}},"version":"v1"}