{"_sessions":{"Ba4SNtX0QXEtoO61SDBz4J7N5HqfULtJoeAXf6pq7k5e":{"registrationId":238,"currentRatchet":{"ephemeralKeyPair":{"pubKey":"BTfbUIjMBeLbDyWYY9WlFCZ+V2ajXZnI+gSrHmTiYnkn","privKey":"eE6FS/tfA5PrdvTFaWfreEln4GMnMklIXGUatFgZs3s="},"lastRemoteEphemeralKey":"BVj8tzkZEBZ84AqQfRfn0D83PgMIAXlmaWjlE5zEMe4g","previousCounter":0,"rootKey":"jVTI24qP8urK4rTz91uqKsab+PopRmJqX4bsj4U8LCA="},"indexInfo":{"baseKey":"Ba4SNtX0QXEtoO61SDBz4J7N5HqfULtJoeAXf6pq7k5e","baseKeyType":1,"closed":-1,"used":1754944280056,"created":1754944280056,"remoteIdentityKey":"BbaabrHJwECqkVOGCuUQc6tSeKVt8bH2ve7sI73XvlUl"},"_chains":{"BTfbUIjMBeLbDyWYY9WlFCZ+V2ajXZnI+gSrHmTiYnkn":{"chainKey":{"counter":476,"key":"ivZY+jkHf1PVKYAkHH0hdHBRjFP6bj3vd465J22hyig="},"chainType":1,"messageKeys":{}}},"pendingPreKey":{"signedKeyId":1,"baseKey":"Ba4SNtX0QXEtoO61SDBz4J7N5HqfULtJoeAXf6pq7k5e","preKeyId":89}}},"version":"v1"}