{"_sessions":{"BQ0dG5dsBshegibqHuR68dggn7SugSpEHVcv4FKCGJ87":{"registrationId":189,"currentRatchet":{"ephemeralKeyPair":{"pubKey":"BV2oCo+bFD3K67xFIe2kx17ITxdVShDnWMAYJEGzoYpD","privKey":"MHpsjg5bHwiLDhv3s9534YFoKBhtx4OzPAR9idfs52A="},"lastRemoteEphemeralKey":"BfEXsb8gkyykydqioj7Ho1pEVlzmXN/Xm5Cvh9nJFl1+","previousCounter":0,"rootKey":"N78+aXwd0WJ2Z6msCl+QDjWUUr1Qrsm88yzCTlfRdE8="},"indexInfo":{"baseKey":"BQ0dG5dsBshegibqHuR68dggn7SugSpEHVcv4FKCGJ87","baseKeyType":1,"closed":-1,"used":1754948786307,"created":1754948786307,"remoteIdentityKey":"BYwoJv+6lqral0FlxnP7Y0q2aVC8moCC9B2GfZZYGgkv"},"_chains":{"BV2oCo+bFD3K67xFIe2kx17ITxdVShDnWMAYJEGzoYpD":{"chainKey":{"counter":0,"key":"aIWYEqi0NBWQb2MWojNbzJM12AlIX9MDiAE2dapFaog="},"chainType":1,"messageKeys":{}}},"pendingPreKey":{"signedKeyId":1,"baseKey":"BQ0dG5dsBshegibqHuR68dggn7SugSpEHVcv4FKCGJ87","preKeyId":25}}},"version":"v1"}