{"_sessions":{"BfQocGLbbekf6TqB3ThLYB5KbrykGJmYo2HK00MUkZo+":{"registrationId":122,"currentRatchet":{"ephemeralKeyPair":{"pubKey":"BeaV4O7d6vYCIePza/Xu23WuATaNd85Wxo+k8HaTLooK","privKey":"kC8TnRKf9XJH8q6SNlsXlcMd54lu3ew4xSY/5pbtrUQ="},"lastRemoteEphemeralKey":"BbGDCxpdfuvfmYAYFCYezlb/BnoJODDz7SK2FVRXa2xL","previousCounter":0,"rootKey":"7vrKB0CQtm1EtCZ9XAFwZRb/NT++hxEhYDULFwCHdHg="},"indexInfo":{"baseKey":"BfQocGLbbekf6TqB3ThLYB5KbrykGJmYo2HK00MUkZo+","baseKeyType":1,"closed":-1,"used":1754948786289,"created":1754948786289,"remoteIdentityKey":"BbMKFJKKIPy7mgb1FPXC9uvslh99DX3aYq709o/8E8FZ"},"_chains":{"BeaV4O7d6vYCIePza/Xu23WuATaNd85Wxo+k8HaTLooK":{"chainKey":{"counter":0,"key":"bqmQzUgJuP142Lj0awQAtwP1bnmr0MoUZmSfY4PA+jI="},"chainType":1,"messageKeys":{}}},"pendingPreKey":{"signedKeyId":1,"baseKey":"BfQocGLbbekf6TqB3ThLYB5KbrykGJmYo2HK00MUkZo+"}}},"version":"v1"}