{"_sessions":{"BZqtpkEYZSO+F8M8hP14LfhY0rsUu656jil4xlFbQi5G":{"registrationId":581923926,"currentRatchet":{"ephemeralKeyPair":{"pubKey":"BVL/OTnVciZanBiC4W7BYyge2pyXzuCrjFV3iqnaVXw8","privKey":"KNQzwJyBMomKVMgsQM4iYho3wgOsH2JlytP7FtNhz3c="},"lastRemoteEphemeralKey":"BXuNoCiyZUkz+a1Skxrp0IShd5SFqjyTvtrbQgutAnp3","previousCounter":0,"rootKey":"8rSC+SXlICzCczDYdwKICnmPZVY7IRx2LrTzjdz719A="},"indexInfo":{"baseKey":"BZqtpkEYZSO+F8M8hP14LfhY0rsUu656jil4xlFbQi5G","baseKeyType":2,"closed":-1,"used":1754947363557,"created":1754947363557,"remoteIdentityKey":"BX7nL2bXdpp/rSiSuF9FSnI19gY+DENS8A+vS0tqDGJF"},"_chains":{"BXuNoCiyZUkz+a1Skxrp0IShd5SFqjyTvtrbQgutAnp3":{"chainKey":{"counter":0,"key":"lBIlaPwROdT9qaeMe2Bhba7exeeFzd3cOV+/UYD3Ius="},"chainType":2,"messageKeys":{}},"BVL/OTnVciZanBiC4W7BYyge2pyXzuCrjFV3iqnaVXw8":{"chainKey":{"counter":0,"key":"3/FbWDdZeFtwy6JS48pyEluNFBAsN2/zpRC/743Itv8="},"chainType":1,"messageKeys":{}}}}},"version":"v1"}