{"_sessions":{"BUDqu3MGK/GQecjnrYNFrythhmLwQvd4PMUQcbjmM8Vo":{"registrationId":952826657,"currentRatchet":{"ephemeralKeyPair":{"pubKey":"BfcFLq+gfb2zRm0qzsRSzR67cit/RNASW/LXjjv7ULEV","privKey":"cG/blf0W6pThmcGcRxch9To2vaefDIuLVB7bycymjFI="},"lastRemoteEphemeralKey":"BRfQTyruoU/WTjyNIv9fy0w5j+vOPSiRXlVuzqjRTBUh","previousCounter":0,"rootKey":"iFHVHlHpUX9HRAYlnccW5x6Jo2Q7c7da30HbBtj7GYo="},"indexInfo":{"baseKey":"BUDqu3MGK/GQecjnrYNFrythhmLwQvd4PMUQcbjmM8Vo","baseKeyType":2,"closed":-1,"used":1754980913572,"created":1754980913572,"remoteIdentityKey":"BVs8UMk6zW06czUHjmv7CJMBL0L6P3TBSJjIlb4uqBZv"},"_chains":{"BRfQTyruoU/WTjyNIv9fy0w5j+vOPSiRXlVuzqjRTBUh":{"chainKey":{"counter":1,"key":"7VidPtcVMLuCLFZkT85rlgInS85zJ7IQPwoe3Kcj5Jc="},"chainType":2,"messageKeys":{}},"BfcFLq+gfb2zRm0qzsRSzR67cit/RNASW/LXjjv7ULEV":{"chainKey":{"counter":-1,"key":"yN0nNjdESKTJBuWCNUjtG3YdE194ozdoSeEdc97ax3Y="},"chainType":1,"messageKeys":{}}}}},"version":"v1"}